<?xml version="1.0" encoding="UTF-8"?>
<project-private xmlns="http://www.netbeans.org/ns/project-private/1">
    <editor-bookmarks xmlns="http://www.netbeans.org/ns/editor-bookmarks/2" lastBookmarkId="0"/>
    <open-files xmlns="http://www.netbeans.org/ns/projectui-open-files/2">
        <group>
            <file>file:/Users/karnvadaliya/legion/EcoSystem/src/userinterface/SystemAdminWorkArea/ManageEnterpriseJPanel.java</file>
            <file>file:/Users/karnvadaliya/legion/EcoSystem/src/userinterface/EducationRole/EducationDepartmentWorkAreaJPanel.java</file>
            <file>file:/Users/karnvadaliya/legion/EcoSystem/src/Business/WorkQueue/HealthPharmacyWorkRequest.java</file>
            <file>file:/Users/karnvadaliya/legion/EcoSystem/src/Business/Organization/PharmacyOrganization.java</file>
            <file>file:/Users/karnvadaliya/legion/EcoSystem/src/userinterface/SystemAdminWorkArea/SystemAdminWorkAreaJPanel.java</file>
            <file>file:/Users/karnvadaliya/legion/EcoSystem/src/Business/Enterprise/HospitalEnterprise.java</file>
            <file>file:/Users/karnvadaliya/legion/EcoSystem/src/userinterface/AnalystRole/PatientAnalysisJPanel.java</file>
            <file>file:/Users/karnvadaliya/legion/EcoSystem/src/userinterface/HealthRole/HealthDepartmentPharmacyWorkAreaJPanel.java</file>
            <file>file:/Users/karnvadaliya/legion/EcoSystem/src/Business/Organization/DoctorOrganization.java</file>
            <file>file:/Users/karnvadaliya/legion/EcoSystem/src/userinterface/HealthRole/ViewStatusJPanel.java</file>
            <file>file:/Users/karnvadaliya/legion/EcoSystem/src/userinterface/HealthRole/RequestDoctorJPanel.java</file>
            <file>file:/Users/karnvadaliya/legion/EcoSystem/src/Business/Role/AdminRole.java</file>
            <file>file:/Users/karnvadaliya/legion/EcoSystem/src/Business/Medicine.java</file>
            <file>file:/Users/karnvadaliya/legion/EcoSystem/src/Business/Role/DoctorRole.java</file>
            <file>file:/Users/karnvadaliya/legion/EcoSystem/src/userinterface/DoctorRole/DoctorWorkAreaJPanel.java</file>
            <file>file:/Users/karnvadaliya/legion/EcoSystem/src/userinterface/AdministrativeRole/ManageOrganizationJPanel.java</file>
            <file>file:/Users/karnvadaliya/legion/EcoSystem/src/userinterface/VolunteerRole/OrderHistoryJPanel.java</file>
            <file>file:/Users/karnvadaliya/legion/EcoSystem/src/Business/Role/VolunteerRole.java</file>
            <file>file:/Users/karnvadaliya/legion/EcoSystem/src/userinterface/DoctorRole/ProcessWorkRequestJPanel.java</file>
            <file>file:/Users/karnvadaliya/legion/EcoSystem/src/userinterface/EducationRole/RequestVolunteerJPanel.java</file>
            <file>file:/Users/karnvadaliya/legion/EcoSystem/src/userinterface/AnalystRole/EducationAnalysisJPanel.java</file>
            <file>file:/Users/karnvadaliya/legion/EcoSystem/src/Business/Enterprise/Enterprise.java</file>
            <file>file:/Users/karnvadaliya/legion/EcoSystem/src/Business/ConfigureASystem.java</file>
            <file>file:/Users/karnvadaliya/legion/EcoSystem/src/userinterface/AnalystRole/AnalystWorkAreaJPanel.java</file>
            <file>file:/Users/karnvadaliya/legion/EcoSystem/src/userinterface/AdministrativeRole/ManageEmployeeJPanel.java</file>
            <file>file:/Users/karnvadaliya/legion/EcoSystem/src/userinterface/AdministrativeRole/AdminWorkAreaJPanel.java</file>
            <file>file:/Users/karnvadaliya/legion/EcoSystem/src/userinterface/AdministrativeRole/ManageUserAccountJPanel.java</file>
            <file>file:/Users/karnvadaliya/legion/EcoSystem/src/userinterface/MainJFrame.java</file>
            <file>file:/Users/karnvadaliya/legion/EcoSystem/src/Business/WorkQueue/EducationVolunteerWorkRequest.java</file>
            <file>file:/Users/karnvadaliya/legion/EcoSystem/src/Business/Enterprise/NGOEnterprise.java</file>
            <file>file:/Users/karnvadaliya/legion/EcoSystem/src/userinterface/SystemAdminWorkArea/ManageNetworkJPanel.java</file>
            <file>file:/Users/karnvadaliya/legion/EcoSystem/src/Business/Organization/OrganizationDirectory.java</file>
            <file>file:/Users/karnvadaliya/legion/EcoSystem/src/Business/Organization/EducationOrganization.java</file>
            <file>file:/Users/karnvadaliya/legion/EcoSystem/src/userinterface/PharmacistRole/PharmacistWorkAreaJPanel.java</file>
            <file>file:/Users/karnvadaliya/legion/EcoSystem/src/userinterface/EducationRole/ViewVolunteersJPanel.java</file>
            <file>file:/Users/karnvadaliya/legion/EcoSystem/src/Business/Organization/AdminOrganization.java</file>
            <file>file:/Users/karnvadaliya/legion/EcoSystem/src/Business/Role/InventoryRole.java</file>
            <file>file:/Users/karnvadaliya/legion/EcoSystem/src/userinterface/HealthRole/RequestPharmacyJPanel.java</file>
            <file>file:/Users/karnvadaliya/legion/EcoSystem/src/userinterface/AnalystRole/MedicineGraphJPanel.java</file>
            <file>file:/Users/karnvadaliya/legion/EcoSystem/src/userpackage/InventoryRole/InventoryDepartmentWorkAreaJPanel.java</file>
            <file>file:/Users/karnvadaliya/legion/EcoSystem/src/userinterface/HealthRole/HealthDepartmentDoctorWorkAreaJPanel.java</file>
            <file>file:/Users/karnvadaliya/legion/EcoSystem/src/userinterface/SystemAdminWorkArea/ManageEnterpriseAdminJPanel.java</file>
            <file>file:/Users/karnvadaliya/legion/EcoSystem/src/userinterface/PharmacistRole/ProcessMedicineRequestJPanel.java</file>
            <file>file:/Users/karnvadaliya/legion/EcoSystem/src/Business/Organization/VolunteerOrganization.java</file>
            <file>file:/Users/karnvadaliya/legion/EcoSystem/src/userinterface/HealthRole/HealthDepartmentWorkAreaJPanel.java</file>
            <file>file:/Users/karnvadaliya/legion/EcoSystem/src/Business/Employee/Employee.java</file>
            <file>file:/Users/karnvadaliya/legion/EcoSystem/src/Business/Employee/EmployeeDirectory.java</file>
            <file>file:/Users/karnvadaliya/legion/EcoSystem/src/Business/EcoSystem.java</file>
            <file>file:/Users/karnvadaliya/legion/EcoSystem/src/Business/WorkQueue/HealthDoctorWorkRequest.java</file>
            <file>file:/Users/karnvadaliya/legion/EcoSystem/src/userinterface/EducationRole/ViewRequestDetailsJPanel.java</file>
            <file>file:/Users/karnvadaliya/legion/EcoSystem/src/userinterface/VolunteerRole/UpdateVolunteerDetailsJPanel.java</file>
            <file>file:/Users/karnvadaliya/legion/EcoSystem/src/userinterface/VolunteerRole/VolunteerWorkAreaJPanel.java</file>
            <file>file:/Users/karnvadaliya/legion/EcoSystem/src/Business/Network/Network.java</file>
            <file>file:/Users/karnvadaliya/legion/EcoSystem/src/userinterface/TransportRole/TransportWorkAreaJPanel.java</file>
            <file>file:/Users/karnvadaliya/legion/EcoSystem/src/Business/WorkQueue/VolunteerInventoryWorkRequest.java</file>
            <file>file:/Users/karnvadaliya/legion/EcoSystem/src/userinterface/HealthRole/RequestUpdatesJPanel.java</file>
            <file>file:/Users/karnvadaliya/legion/EcoSystem/src/Business/Organization/Organization.java</file>
            <file>file:/Users/karnvadaliya/legion/EcoSystem/src/Business/Organization/HealthOrganization.java</file>
            <file>file:/Users/karnvadaliya/legion/EcoSystem/src/userinterface/HealthRole/MedicineJPanel.java</file>
            <file>file:/Users/karnvadaliya/legion/EcoSystem/src/Business/Organization/InventoryOrganization.java</file>
        </group>
    </open-files>
</project-private>
